name,primary_ext,blurb
some name,Person,Description of some name
some name,Person,Description of some name
some name,Person,Description of some name
some name,Person,Description of some name
some name,Person,Description of some name
some name,Person,Description of some name
some name,Person,Description of some name
some name,Person,Description of some name
some name,Person,Description of some name
some name,Person,Description of some name
some name,Person,Description of some name
some name,Person,Description of some name
some name,Person,Description of some name
some name,Person,Description of some name
some name,Person,Description of some name
some name,Person,Description of some name
some name,Person,Description of some name
some name,Person,Description of some name
some name,Person,Description of some name
some name,Person,Description of some name
some name,Person,Description of some name
some name,Person,Description of some name
some name,Person,Description of some name
some name,Person,Description of some name
some name,Person,Description of some name
some name,Person,Description of some name
some name,Person,Description of some name
some name,Person,Description of some name
some name,Person,Description of some name
some name,Person,Description of some name
some name,Person,Description of some name
some name,Person,Description of some name
some name,Person,Description of some name
some name,Person,Description of some name
some name,Person,Description of some name
some name,Person,Description of some name
some name,Person,Description of some name
some name,Person,Description of some name
some name,Person,Description of some name
some name,Person,Description of some name
some name,Person,Description of some name
some name,Person,Description of some name
some name,Person,Description of some name
some name,Person,Description of some name
some name,Person,Description of some name
some name,Person,Description of some name
some name,Person,Description of some name
some name,Person,Description of some name
some name,Person,Description of some name
some name,Person,Description of some name
some name,Person,Description of some name
some name,Person,Description of some name
some name,Person,Description of some name
some name,Person,Description of some name
some name,Person,Description of some name
some name,Person,Description of some name
some name,Person,Description of some name
some name,Person,Description of some name
some name,Person,Description of some name
some name,Person,Description of some name
some name,Person,Description of some name
some name,Person,Description of some name
some name,Person,Description of some name
some name,Person,Description of some name
some name,Person,Description of some name
some name,Person,Description of some name
some name,Person,Description of some name
some name,Person,Description of some name
some name,Person,Description of some name
some name,Person,Description of some name
some name,Person,Description of some name
some name,Person,Description of some name
some name,Person,Description of some name
some name,Person,Description of some name
some name,Person,Description of some name
some name,Person,Description of some name
some name,Person,Description of some name
some name,Person,Description of some name
some name,Person,Description of some name
some name,Person,Description of some name
some name,Person,Description of some name
some name,Person,Description of some name
some name,Person,Description of some name
some name,Person,Description of some name
some name,Person,Description of some name
some name,Person,Description of some name
some name,Person,Description of some name
some name,Person,Description of some name
some name,Person,Description of some name
some name,Person,Description of some name
some name,Person,Description of some name
some name,Person,Description of some name
some name,Person,Description of some name
some name,Person,Description of some name
some name,Person,Description of some name
some name,Person,Description of some name
some name,Person,Description of some name
some name,Person,Description of some name
some name,Person,Description of some name
some name,Person,Description of some name
some name,Person,Description of some name
some name,Person,Description of some name
some name,Person,Description of some name
some name,Person,Description of some name
some name,Person,Description of some name
some name,Person,Description of some name
some name,Person,Description of some name
some name,Person,Description of some name
some name,Person,Description of some name
some name,Person,Description of some name
some name,Person,Description of some name
some name,Person,Description of some name
some name,Person,Description of some name
some name,Person,Description of some name
some name,Person,Description of some name
some name,Person,Description of some name
some name,Person,Description of some name
some name,Person,Description of some name
some name,Person,Description of some name
some name,Person,Description of some name
some name,Person,Description of some name
some name,Person,Description of some name
some name,Person,Description of some name
some name,Person,Description of some name
some name,Person,Description of some name
some name,Person,Description of some name
some name,Person,Description of some name
some name,Person,Description of some name
some name,Person,Description of some name
some name,Person,Description of some name
some name,Person,Description of some name
some name,Person,Description of some name
some name,Person,Description of some name
some name,Person,Description of some name
some name,Person,Description of some name
some name,Person,Description of some name
some name,Person,Description of some name
some name,Person,Description of some name
some name,Person,Description of some name
some name,Person,Description of some name
some name,Person,Description of some name
some name,Person,Description of some name
some name,Person,Description of some name
some name,Person,Description of some name
some name,Person,Description of some name
some name,Person,Description of some name
some name,Person,Description of some name
some name,Person,Description of some name
some name,Person,Description of some name
some name,Person,Description of some name
some name,Person,Description of some name
some name,Person,Description of some name
some name,Person,Description of some name
some name,Person,Description of some name
some name,Person,Description of some name
some name,Person,Description of some name
some name,Person,Description of some name
some name,Person,Description of some name
some name,Person,Description of some name
some name,Person,Description of some name
some name,Person,Description of some name
some name,Person,Description of some name
some name,Person,Description of some name
some name,Person,Description of some name
some name,Person,Description of some name
some name,Person,Description of some name
some name,Person,Description of some name
some name,Person,Description of some name
some name,Person,Description of some name
some name,Person,Description of some name
some name,Person,Description of some name
some name,Person,Description of some name
some name,Person,Description of some name
some name,Person,Description of some name
some name,Person,Description of some name
some name,Person,Description of some name
some name,Person,Description of some name
some name,Person,Description of some name
some name,Person,Description of some name
some name,Person,Description of some name
some name,Person,Description of some name
some name,Person,Description of some name
some name,Person,Description of some name
some name,Person,Description of some name
some name,Person,Description of some name
some name,Person,Description of some name
some name,Person,Description of some name
some name,Person,Description of some name
some name,Person,Description of some name
some name,Person,Description of some name
some name,Person,Description of some name
some name,Person,Description of some name
some name,Person,Description of some name
some name,Person,Description of some name
some name,Person,Description of some name
some name,Person,Description of some name
some name,Person,Description of some name
some name,Person,Description of some name
some name,Person,Description of some name
some name,Person,Description of some name
